parid,par,party,win_pct,state,votes_cast,votes_spoilt,ttl_reg,turn_out,malay,muslim_bumiputera,non_muslim_bumiputera,bp_sabah,bp_sarawak,org_asli_pen,others,chinese,indian,urbanisation_level,status,ttl_felda_area,age_21_30,age_31_40,age_41_50,age_51_60,age_61_70,age_71_80,age_81_90,age_above_90,coalition
1,PADANG BESAR,BN,0.4118,PERLIS,36500,780,46096,0.8087000000000001,0.8661,,,0.003,0.0068000000000000005,0.0002,0.030699999999999998,0.08449999999999999,0.0088,RURAL,FELDA,3,0.1923,0.2547,0.17190000000000003,0.1649,0.1301,0.06309999999999999,0.020099999999999996,0.0029,OPPOSITION
2,KANGAR,PKR,0.46799999999999997,PERLIS,44680,806,55938,0.8131999999999999,0.8170999999999999,,,0.0007000000000000001,0.0009,,0.012199999999999999,0.1523,0.0168,SEMI URBAN,NON-FELDA,0,0.18170000000000003,0.2412,0.17309999999999998,0.17980000000000002,0.1354,0.064,0.021400000000000002,0.0034000000000000002,GOVERNMENT
3,ARAU,BN,0.4179,PERLIS,39600,690,48187,0.8361,0.8765999999999999,,,0.0009,0.0007000000000000001,0.0001,0.0287,0.0766,0.0165,RURAL,NON-FELDA,0,0.1791,0.22769999999999999,0.1923,0.183,0.1285,0.0644,0.0218,0.0032,OPPOSITION
4,LANGKAWI,PKR,0.5489999999999999,KEDAH,34527,604,42697,0.8228,0.9037000000000001,,,0.0019,0.0017000000000000001,,0.0036,0.06509999999999999,0.024,RURAL,NON-FELDA,0,0.19210000000000002,0.25739999999999996,0.2274,0.17,0.0975,0.038900000000000004,0.0149,0.0018,GOVERNMENT
5,JERLUN,PKR,0.4255,KEDAH,43937,723,54132,0.825,0.9123,,,0.0003,0.0002,,0.0173,0.0689,0.001,RURAL,NON-FELDA,0,0.1625,0.23170000000000002,0.19870000000000002,0.1802,0.1321,0.06849999999999999,0.023,0.0033,GOVERNMENT
6,KUBANG PASU,PKR,0.49700000000000005,KEDAH,60334,770,73881,0.8271,0.8649,,,0.0018,0.0018,0.0001,0.0116,0.08529999999999999,0.0346,SEMI URBAN,FELDA,3,0.1971,0.2462,0.1864,0.17170000000000002,0.1244,0.054299999999999994,0.017,0.0029,GOVERNMENT
7,PADANG TERAP,BN,0.42090000000000005,KEDAH,38923,854,46644,0.8528,0.9214,,,0.0003,0.0003,,0.0635,0.0127,0.0017000000000000001,RURAL,FELDA,2,0.2079,0.2498,0.1962,0.16649999999999998,0.1048,0.0541,0.0187,0.0021,OPPOSITION
8,POKOK SENA,PKR,0.4093,KEDAH,70750,869,86892,0.8242,0.8145,,,0.0006,0.0012,,0.0046,0.1545,0.0245,RURAL,NON-FELDA,0,0.1855,0.2398,0.18420000000000003,0.1743,0.1255,0.066,0.0217,0.0031,GOVERNMENT
9,ALOR SETAR,PKR,0.508,KEDAH,63931,881,80272,0.8073999999999999,0.6358,,,0.0005,0.001,,0.0034999999999999996,0.3172,0.0421,URBAN,NON-FELDA,0,0.1609,0.2207,0.1784,0.1884,0.1483,0.0733,0.0245,0.005600000000000001,GOVERNMENT
10,KUALA KEDAH,PKR,0.46259999999999996,KEDAH,79167,1111,97753,0.8212,0.7827,,,0.0003,0.0003,,0.003,0.2025,0.011200000000000002,RURAL,NON-FELDA,0,0.1711,0.2422,0.1957,0.17920000000000003,0.1305,0.0579,0.0204,0.003,GOVERNMENT
11,PENDANG,PAS,0.4263,KEDAH,62246,952,74867,0.8441,0.8876000000000001,,,0.0003,0.0003,0.0001,0.0557,0.0507,0.0054,RURAL,FELDA,1,0.1869,0.23329999999999998,0.2026,0.1739,0.1175,0.0603,0.0225,0.0031,OPPOSITION
12,JERAI,PAS,0.3394,KEDAH,65736,1012,79976,0.8345999999999999,0.8019,,,0.0002,0.0004,,0.0026,0.13570000000000002,0.0591,RURAL,NON-FELDA,0,0.17489999999999997,0.2271,0.2082,0.1805,0.1229,0.0605,0.0219,0.0039000000000000003,OPPOSITION
13,SIK,PAS,0.47909999999999997,KEDAH,41928,729,50385,0.8466,0.9298000000000001,,,0.0005,0.0003,0.0001,0.053099999999999994,0.0146,0.0017000000000000001,RURAL,FELDA,1,0.2036,0.2529,0.2057,0.1542,0.1118,0.051100000000000007,0.0176,0.003,OPPOSITION
14,MERBOK,PKR,0.43310000000000004,KEDAH,71350,1108,87782,0.8254,0.6858,,,0.0016,0.0039000000000000003,0.0001,0.0046,0.1506,0.1534,SEMI URBAN,NON-FELDA,0,0.1894,0.266,0.19920000000000002,0.1704,0.115,0.0435,0.0141,0.0025,GOVERNMENT
15,SUNGAI PETANI,PKR,0.4921,KEDAH,92534,889,112577,0.8299,0.6071,,,0.0004,0.0005,0.0001,0.0042,0.2683,0.1195,SEMI URBAN,NON-FELDA,0,0.18309999999999998,0.222,0.2039,0.1954,0.12140000000000001,0.053,0.0179,0.0034999999999999996,GOVERNMENT
16,BALING,BN,0.426,KEDAH,90512,1388,107213,0.8572,0.8887,,,0.0005,0.0004,0.0011,0.0141,0.0438,0.051399999999999994,RURAL,FELDA,1,0.22010000000000002,0.23920000000000002,0.19649999999999998,0.1641,0.10640000000000001,0.0504,0.02,0.0033,OPPOSITION
17,PADANG SERAI,PKR,0.45270000000000005,KEDAH,70084,827,84834,0.8359000000000001,0.5905,,,0.0004,0.0004,,0.0033,0.1979,0.20739999999999997,SEMI URBAN,NON-FELDA,0,0.1925,0.2325,0.2144,0.18719999999999998,0.1096,0.0455,0.0154,0.0028000000000000004,GOVERNMENT
18,KULIM-BANDAR BAHARU,PKR,0.42619999999999997,KEDAH,54343,894,66587,0.8295,0.6918000000000001,,,0.0006,0.0007000000000000001,,0.0016,0.1765,0.12869999999999998,SEMI URBAN,FELDA,1,0.17670000000000002,0.2347,0.20149999999999998,0.18530000000000002,0.1213,0.0572,0.019299999999999998,0.004,GOVERNMENT
19,TUMPAT,PAS,0.5433,KELANTAN,86585,1402,110924,0.7931999999999999,0.9292,,,0.0002,0.0005,,0.0373,0.0313,0.0015,RURAL,NON-FELDA,0,0.2359,0.2506,0.1895,0.1543,0.098,0.052199999999999996,0.0149,0.004699999999999999,OPPOSITION
20,PENGKALAN CHEPA,PAS,0.5488000000000001,KELANTAN,59387,739,75384,0.7976000000000001,0.9793000000000001,,,0.0008,0.0011,0.0001,0.0027,0.0149,0.0011,SEMI URBAN,NON-FELDA,0,0.2463,0.2742,0.1881,0.14730000000000001,0.09,0.0409,0.0105,0.0027,OPPOSITION
21,KOTA BHARU,PAS,0.4224,KELANTAN,66969,689,88708,0.7626999999999999,0.8445999999999999,,,0.0004,0.0005,,0.004699999999999999,0.1421,0.0078000000000000005,URBAN,NON-FELDA,0,0.2027,0.2414,0.18280000000000002,0.17350000000000002,0.121,0.0579,0.0168,0.0039000000000000003,OPPOSITION
22,PASIR MAS,PAS,0.5244,KELANTAN,53551,1232,71222,0.7692,0.9759,,,0.0003,0.0004,,0.003,0.0199,0.0006,RURAL,NON-FELDA,0,0.2169,0.25120000000000003,0.19039999999999999,0.1564,0.1023,0.059500000000000004,0.0175,0.0059,OPPOSITION
23,RANTAU PANJANG,PAS,0.5082,KELANTAN,48373,825,66115,0.7441,0.97,,,0.0002,0.0004,,0.008100000000000001,0.0206,0.0007000000000000001,RURAL,NON-FELDA,0,0.2192,0.24050000000000002,0.1938,0.16260000000000002,0.10439999999999999,0.056799999999999996,0.017,0.005699999999999999,OPPOSITION
24,KUBANG KERIAN,PAS,0.5616,KELANTAN,63428,735,82018,0.7823,0.9798,,,0.0003,0.0004,,0.0012,0.0168,0.0014000000000000002,SEMI URBAN,NON-FELDA,0,0.2486,0.2564,0.1804,0.15439999999999998,0.0928,0.049,0.015300000000000001,0.003,OPPOSITION
25,BACHOK,PAS,0.4893,KELANTAN,73964,1148,92606,0.8111,0.9845999999999999,,,0.0002,0.0003,,0.0037,0.0108,0.0004,RURAL,NON-FELDA,0,0.24100000000000002,0.2646,0.19399999999999998,0.14550000000000002,0.092,0.0484,0.011200000000000002,0.0034000000000000002,OPPOSITION
26,KETEREH,BN,0.47950000000000004,KELANTAN,53107,781,65238,0.826,0.9666,,,0.0026,0.0059,0.0006,0.004699999999999999,0.018799999999999997,0.0008,RURAL,NON-FELDA,0,0.2418,0.266,0.19,0.1501,0.091,0.0454,0.0128,0.0028000000000000004,OPPOSITION
27,TANAH MERAH,BN,0.4844,KELANTAN,58122,986,73172,0.8078,0.9470999999999999,,,0.0004,0.0006,,0.0068000000000000005,0.0392,0.0059,RURAL,FELDA,4,0.2458,0.2621,0.18780000000000002,0.1497,0.09910000000000001,0.042199999999999994,0.011000000000000001,0.0023,OPPOSITION
28,PASIR PUTEH,PAS,0.47409999999999997,KELANTAN,68150,923,85411,0.8087000000000001,0.9817,,,0.0003,0.0004,,0.0076,0.0096,0.0005,RURAL,NON-FELDA,0,0.2394,0.2562,0.19010000000000002,0.1476,0.0953,0.0526,0.015300000000000001,0.0034999999999999996,OPPOSITION
29,MACHANG,BN,0.4739,KELANTAN,55023,801,68387,0.8162999999999999,0.9645,,,0.0004,0.0005,,0.0014000000000000002,0.0313,0.0018,RURAL,NON-FELDA,0,0.2413,0.2503,0.1883,0.1543,0.0967,0.048600000000000004,0.0169,0.0036,OPPOSITION
30,JELI,BN,0.5589,KELANTAN,38761,400,47470,0.825,0.9823000000000001,,,0.0029,0.0034999999999999996,0.005600000000000001,0.0027,0.0019,0.0011,RURAL,NON-FELDA,0,0.252,0.2557,0.1996,0.1454,0.0868,0.0438,0.0129,0.0037,OPPOSITION
31,KUALA KRAI,PAS,0.5256000000000001,KELANTAN,54987,861,70348,0.7939,0.9455,,,0.0004,0.0004,0.0001,0.0022,0.039599999999999996,0.011699999999999999,RURAL,NON-FELDA,0,0.2441,0.2637,0.18530000000000002,0.14679999999999999,0.0964,0.0478,0.0134,0.0026,OPPOSITION
32,GUA MUSANG,BN,0.4864,KELANTAN,39936,948,52524,0.7784,0.8243,,,0.0006,0.0005,0.111,0.0027,0.0558,0.0051,RURAL,FELDA,9,0.3089,0.2667,0.1578,0.1303,0.0955,0.034300000000000004,0.0055000000000000005,0.001,OPPOSITION
33,BESUT,BN,0.484,TERENGGANU,70935,903,86627,0.8293,0.981,,,0.0006,0.0007000000000000001,0.0001,0.0027,0.0141,0.0009,RURAL,FELDA,1,0.2737,0.2669,0.1858,0.13970000000000002,0.0823,0.0394,0.0105,0.0017000000000000001,OPPOSITION
34,SETIU,PAS,0.4865,TERENGGANU,71978,1244,86247,0.8490000000000001,0.9941,,,0.0005,0.0003,,0.0014000000000000002,0.0033,0.0003,RURAL,FELDA,3,0.2752,0.2736,0.1834,0.133,0.08039999999999999,0.04,0.0121,0.0023,OPPOSITION
35,KUALA NERUS,PAS,0.5266,TERENGGANU,72105,727,83663,0.8704999999999999,0.987,,,0.0006,0.0006,,0.0015,0.0095,0.0008,RURAL,FELDA,1,0.2858,0.2758,0.17679999999999998,0.135,0.07919999999999999,0.036000000000000004,0.0097,0.0016,OPPOSITION
36,KUALA TERENGGANU,PAS,0.4965,TERENGGANU,86583,767,103611,0.8431000000000001,0.9001,,,0.0005,0.0005,,0.0017000000000000001,0.09210000000000002,0.0052,URBAN,NON-FELDA,0,0.22870000000000001,0.2579,0.182,0.1623,0.1027,0.05,0.0134,0.003,OPPOSITION
37,MARANG,PAS,0.5927,TERENGGANU,90682,1028,104898,0.8743000000000001,0.9769,,,0.0004,0.0005,,0.0013,0.020099999999999996,0.0008,RURAL,NON-FELDA,0,0.2723,0.2692,0.1816,0.1414,0.0819,0.0405,0.011000000000000001,0.002,OPPOSITION
38,HULU TERENGGANU,BN,0.496,TERENGGANU,62346,871,73487,0.8602,0.9908,,,0.0004,0.0004,0.0021,0.0013,0.004699999999999999,0.0004,RURAL,FELDA,3,0.2641,0.2774,0.1726,0.1371,0.0868,0.0453,0.0139,0.0027,OPPOSITION
39,DUNGUN,PAS,0.5417000000000001,TERENGGANU,75414,886,90506,0.843,0.9601000000000001,,,0.0007000000000000001,0.0006,,0.0027,0.0341,0.0018,SEMI URBAN,FELDA,5,0.264,0.2732,0.1863,0.1461,0.0832,0.0359,0.009399999999999999,0.0019,OPPOSITION
40,KEMAMAN,PAS,0.44060000000000005,TERENGGANU,90504,1126,107593,0.8515999999999999,0.9342,,,0.0006,0.0009,0.0019,0.0024,0.0538,0.0062,SEMI URBAN,FELDA,8,0.2551,0.2717,0.1883,0.1532,0.08650000000000001,0.035,0.008,0.002,OPPOSITION
41,KEPALA BATAS,BN,0.4294,PULAU PINANG,52302,715,60523,0.8759999999999999,0.7856000000000001,,,0.0006,0.0006,,0.0013,0.1702,0.0417,SEMI URBAN,NON-FELDA,0,0.19269999999999998,0.23170000000000002,0.2175,0.17129999999999998,0.1112,0.057,0.0163,0.0024,OPPOSITION
42,TASEK GELUGOR,BN,0.35729999999999995,PULAU PINANG,51904,689,60850,0.8643000000000001,0.7823,,,0.0012,0.0015,,0.0021,0.1471,0.0659,RURAL,NON-FELDA,0,0.18960000000000002,0.2536,0.20550000000000002,0.1655,0.1096,0.057300000000000004,0.0163,0.0026,OPPOSITION
43,BAGAN,PKR,0.8595999999999999,PULAU PINANG,60087,463,71583,0.8459,0.1335,,,0.0005,0.0003,,0.0028000000000000004,0.7127,0.1503,URBAN,NON-FELDA,0,0.1288,0.20079999999999998,0.21239999999999998,0.2061,0.1547,0.07139999999999999,0.021,0.0048,GOVERNMENT
44,PERMATANG PAUH,PKR,0.5089,PULAU PINANG,69828,658,81789,0.8618000000000001,0.7193999999999999,,,0.0007000000000000001,0.0006,,0.0036,0.2141,0.0616,SEMI URBAN,NON-FELDA,0,0.1753,0.2335,0.2091,0.1898,0.1244,0.052000000000000005,0.013999999999999999,0.002,GOVERNMENT
45,BUKIT MERTAJAM,PKR,0.8540000000000001,PULAU PINANG,74691,1109,88998,0.8517,0.1934,,,0.0006,0.0003,,0.0026,0.7036,0.09949999999999999,URBAN,NON-FELDA,0,0.1592,0.2192,0.20579999999999998,0.1861,0.1412,0.066,0.019299999999999998,0.0031,GOVERNMENT
46,BATU KAWAN,PKR,0.7802,PULAU PINANG,54705,675,65394,0.8469,0.2094,,,0.0008,0.0006,,0.003,0.5587,0.22760000000000002,SEMI URBAN,NON-FELDA,0,0.1563,0.22519999999999998,0.217,0.1929,0.1285,0.0593,0.0175,0.0032,GOVERNMENT
47,NIBONG TEBAL,PKR,0.5692,PULAU PINANG,62179,860,73383,0.8590000000000001,0.47700000000000004,,,0.0007000000000000001,0.0004,0.0001,0.002,0.3503,0.16949999999999998,RURAL,NON-FELDA,0,0.1864,0.2377,0.21789999999999998,0.17550000000000002,0.11289999999999999,0.0525,0.0149,0.0023,GOVERNMENT
48,BUKIT BENDERA,PKR,0.8382999999999999,PULAU PINANG,59706,512,75069,0.8022,0.1465,,,0.0009,0.0009,,0.0105,0.7283,0.11289999999999999,URBAN,NON-FELDA,0,0.109,0.16269999999999998,0.1886,0.2048,0.1757,0.1103,0.0398,0.009300000000000001,GOVERNMENT
49,TANJONG,PKR,0.8725,PULAU PINANG,39727,347,49586,0.8081999999999999,0.058899999999999994,,,0.0004,0.0003,,0.0031,0.8417,0.0955,URBAN,NON-FELDA,0,0.0696,0.1199,0.1705,0.2364,0.22210000000000002,0.11410000000000001,0.044000000000000004,0.0233,GOVERNMENT
50,JELUTONG,PKR,0.7963,PULAU PINANG,63666,720,76991,0.8362999999999999,0.2262,,,0.0006,0.0004,,0.0039000000000000003,0.6520999999999999,0.1167,URBAN,NON-FELDA,0,0.1344,0.1928,0.19010000000000002,0.20550000000000002,0.1648,0.079,0.027200000000000002,0.0060999999999999995,GOVERNMENT
51,BUKIT GELUGOR,PKR,0.8668,PULAU PINANG,75705,528,91595,0.8323,0.1433,,,0.0006,0.0004,,0.0045000000000000005,0.7386,0.1127,SEMI URBAN,NON-FELDA,0,0.1463,0.2126,0.20149999999999998,0.1869,0.1446,0.07919999999999999,0.0245,0.0044,GOVERNMENT
52,BAYAN BARU,PKR,0.6888,PULAU PINANG,74849,762,90780,0.8329000000000001,0.396,,,0.0019,0.0018,,0.0049,0.4851,0.11019999999999999,URBAN,NON-FELDA,0,0.1714,0.23260000000000003,0.2051,0.18789999999999998,0.13019999999999998,0.0552,0.0154,0.0021,GOVERNMENT
53,BALIK PULAU,PKR,0.5117,PULAU PINANG,49776,631,59086,0.8531,0.649,,,0.0015,0.001,,0.0027,0.3016,0.0443,RURAL,NON-FELDA,0,0.18170000000000003,0.22440000000000002,0.2104,0.18989999999999999,0.1193,0.0553,0.016399999999999998,0.0026,GOVERNMENT
54,GERIK,BN,0.4849,PERAK,27311,595,35903,0.7773,0.691,,,0.0055000000000000005,0.0084,0.0907,0.030899999999999997,0.1405,0.0329,RURAL,FELDA,2,0.23620000000000002,0.26489999999999997,0.17809999999999998,0.1572,0.1009,0.044500000000000005,0.0151,0.0031,OPPOSITION
55,LENGGONG,BN,0.5397,PERAK,23205,405,29752,0.7936,0.8345999999999999,,,0.0007000000000000001,0.0005,0.0213,0.0016,0.12689999999999999,0.0144,RURAL,FELDA,3,0.19039999999999999,0.25370000000000004,0.1777,0.1613,0.1255,0.0637,0.0233,0.0045000000000000005,OPPOSITION
56,LARUT,BN,0.45899999999999996,PERAK,39620,722,49453,0.8158,0.8969,,,0.0005,0.0004,,0.0023,0.0434,0.0564,RURAL,FELDA,1,0.1759,0.2402,0.1966,0.1675,0.1272,0.0669,0.0225,0.0033,OPPOSITION
57,PARIT BUNTAR,PKR,0.3922,PERAK,42720,536,51860,0.8341,0.6934999999999999,,,0.0005,0.0002,,0.0013,0.257,0.047599999999999996,RURAL,NON-FELDA,0,0.1533,0.2354,0.2152,0.179,0.12539999999999998,0.06509999999999999,0.0223,0.0040999999999999995,GOVERNMENT
58,BAGAN SERAI,BN,0.3644,PERAK,47255,865,59293,0.8116,0.7789,,,0.0004,0.0004,,0.0014000000000000002,0.12890000000000001,0.0901,RURAL,NON-FELDA,0,0.1697,0.23329999999999998,0.2101,0.1761,0.1192,0.06570000000000001,0.0219,0.004,OPPOSITION
59,BUKIT GANTANG,BN,0.3948,PERAK,56863,761,69873,0.8247,0.7239,,,0.0004,0.0005,0.0001,0.002,0.18899999999999997,0.08410000000000001,RURAL,NON-FELDA,0,0.1834,0.2443,0.18780000000000002,0.1797,0.1284,0.0564,0.017,0.0031,OPPOSITION
60,TAIPING,PKR,0.6164999999999999,PERAK,69743,1092,90729,0.7807,0.3881,,,0.0023,0.0062,0.0003,0.0044,0.46409999999999996,0.13449999999999998,URBAN,NON-FELDA,0,0.1558,0.2235,0.16829999999999998,0.1834,0.155,0.0786,0.0294,0.0059,GOVERNMENT
61,PADANG RENGAS,BN,0.415,PERAK,25281,315,30996,0.8258,0.7775,,,0.0002,0.0004,,0.0013,0.1542,0.0665,RURAL,NON-FELDA,0,0.1722,0.2285,0.18420000000000003,0.177,0.13119999999999998,0.0696,0.0316,0.005699999999999999,OPPOSITION
62,SUNGAI SIPUT,PKR,0.48719999999999997,PERAK,42726,814,55002,0.7916,0.3428,,,0.0005,0.0004,0.083,0.0016,0.3628,0.2089,SEMI URBAN,FELDA,1,0.14679999999999999,0.22329999999999997,0.2082,0.1916,0.1321,0.0674,0.026000000000000002,0.0046,GOVERNMENT
63,TAMBUN,PKR,0.4446,PERAK,86950,960,107763,0.8158,0.6631999999999999,,,0.0018,0.0033,0.0108,0.0045000000000000005,0.2022,0.1142,SEMI URBAN,NON-FELDA,0,0.1827,0.2501,0.19899999999999998,0.1805,0.1229,0.0482,0.0143,0.0022,GOVERNMENT
64,IPOH TIMOR,PKR,0.8046,PERAK,70241,1023,91486,0.779,0.21,,,0.0008,0.0009,0.0002,0.0039000000000000003,0.7201000000000001,0.064,URBAN,NON-FELDA,0,0.10339999999999999,0.1883,0.18,0.19269999999999998,0.1745,0.10949999999999999,0.0421,0.0095,GOVERNMENT
65,IPOH BARAT,PKR,0.8490000000000001,PERAK,65502,878,84874,0.7820999999999999,0.1183,,,0.0004,0.0006,0.0003,0.004699999999999999,0.6315999999999999,0.24420000000000003,URBAN,NON-FELDA,0,0.1117,0.1881,0.1923,0.2034,0.1693,0.09269999999999999,0.0337,0.0089,GOVERNMENT
66,BATU GAJAH,PKR,0.8417,PERAK,62787,733,81399,0.7804000000000001,0.09949999999999999,,,0.0004,0.0005,0.0005,0.003,0.75,0.1461,SEMI URBAN,NON-FELDA,0,0.1105,0.2006,0.2137,0.2029,0.1568,0.0805,0.0301,0.0049,GOVERNMENT
67,KUALA KANGSAR,BN,0.40259999999999996,PERAK,30056,511,36954,0.8271999999999999,0.7036,,,0.0007000000000000001,0.0006,0.0105,0.0025,0.21600000000000003,0.0661,SEMI URBAN,NON-FELDA,0,0.1764,0.2289,0.1858,0.17379999999999998,0.13019999999999998,0.0676,0.0317,0.005600000000000001,OPPOSITION
68,BERUAS,PKR,0.6840999999999999,PERAK,60267,1009,79794,0.7679,0.2633,,,0.0009,0.0007000000000000001,0.0001,0.0019,0.5925,0.1406,RURAL,NON-FELDA,0,0.13449999999999998,0.2231,0.2022,0.18960000000000002,0.1447,0.0746,0.0258,0.0055000000000000005,GOVERNMENT
69,PARIT,BN,0.4841,PERAK,28990,425,35910,0.8190999999999999,0.93,,,0.0007000000000000001,0.0008,0.018600000000000002,0.0021,0.022400000000000003,0.0254,RURAL,NON-FELDA,0,0.1726,0.2352,0.1932,0.18469999999999998,0.1197,0.06269999999999999,0.027200000000000002,0.004699999999999999,OPPOSITION
70,KAMPAR,PKR,0.5756,PERAK,52495,858,69436,0.7684000000000001,0.33390000000000003,,,0.0005,0.0005,0.0174,0.0024,0.5537,0.0916,SEMI URBAN,NON-FELDA,0,0.1143,0.1966,0.2023,0.1967,0.1567,0.0902,0.0358,0.0074,GOVERNMENT
71,GOPENG,PKR,0.6175,PERAK,79233,853,99167,0.8076000000000001,0.42369999999999997,,,0.0007000000000000001,0.0007000000000000001,0.0209,0.0026,0.46009999999999995,0.09119999999999999,SEMI URBAN,NON-FELDA,0,0.1672,0.23170000000000002,0.1989,0.1886,0.1285,0.062,0.0202,0.0029,GOVERNMENT
72,TAPAH,BN,0.4447,PERAK,36174,760,47128,0.7837000000000001,0.46240000000000003,,,0.0008,0.001,0.12960000000000002,0.005,0.2583,0.1429,RURAL,NON-FELDA,0,0.16519999999999999,0.2365,0.1801,0.1852,0.1308,0.0697,0.0265,0.0059,OPPOSITION
73,PASIR SALAK,BN,0.4604,PERAK,43445,895,54671,0.8109999999999999,0.8065000000000001,,,0.0004,0.0005,0.0275,0.0015,0.1286,0.0349,RURAL,NON-FELDA,0,0.16699999999999998,0.2525,0.1961,0.1672,0.1225,0.0674,0.0227,0.0046,OPPOSITION
74,LUMUT,PKR,0.4093,PERAK,53645,1081,67157,0.8149,0.7204999999999999,,,0.005600000000000001,0.0066,0.0003,0.003,0.1496,0.1144,SEMI URBAN,NON-FELDA,0,0.2024,0.2952,0.1805,0.16670000000000001,0.1012,0.0395,0.011899999999999999,0.0027,GOVERNMENT
75,BAGAN DATUK,BN,0.5136999999999999,PERAK,36806,814,47309,0.7951999999999999,0.5899,,,0.0036,0.0015,0.0002,0.011399999999999999,0.1772,0.2163,RURAL,NON-FELDA,0,0.1837,0.2523,0.1684,0.16940000000000002,0.1303,0.067,0.023700000000000002,0.0051,OPPOSITION
76,TELUK INTAN,PKR,0.5437,PERAK,53655,742,66487,0.8181999999999999,0.4067,,,0.0002,0.0004,0.0021,0.0033,0.40090000000000003,0.1864,SEMI URBAN,NON-FELDA,0,0.161,0.22469999999999998,0.1722,0.184,0.1487,0.076,0.0268,0.006500000000000001,GOVERNMENT
77,TANJONG MALIM,PKR,0.45439999999999997,PERAK,54297,1051,68468,0.8084,0.5556,,,0.0006,0.0007000000000000001,0.053099999999999994,0.0043,0.2556,0.13019999999999998,RURAL,FELDA,10,0.1497,0.2576,0.17859999999999998,0.16760000000000003,0.14859999999999998,0.0712,0.0218,0.005,GOVERNMENT
78,CAMERON HIGHLANDS,BN,0.423,PAHANG,24365,790,32048,0.7848999999999999,0.335,,,0.0012,0.0006,0.21559999999999999,0.0037,0.2948,0.1491,RURAL,NON-FELDA,0,0.17300000000000001,0.2432,0.2014,0.1765,0.1184,0.06269999999999999,0.0199,0.0048,OPPOSITION
79,LIPIS,BN,0.4982,PAHANG,28092,462,35294,0.809,0.7802,,,0.0005,0.0007000000000000001,0.0077,0.0022,0.1564,0.052300000000000006,RURAL,FELDA,2,0.1911,0.2364,0.1775,0.18469999999999998,0.1173,0.0629,0.0254,0.004699999999999999,OPPOSITION
80,RAUB,PKR,0.4489,PAHANG,46025,766,57723,0.8106,0.5207,,,0.0005,0.0006,0.0325,0.0032,0.3811,0.061500000000000006,RURAL,FELDA,4,0.16469999999999999,0.23440000000000003,0.1826,0.1895,0.13269999999999998,0.0687,0.0231,0.0040999999999999995,GOVERNMENT
81,JERANTUT,BN,0.4506,PAHANG,50249,941,63609,0.8048000000000001,0.8176000000000001,,,0.0006,0.0005,0.022400000000000003,0.0023,0.13019999999999998,0.0263,RURAL,FELDA,14,0.1775,0.2766,0.198,0.14679999999999999,0.1225,0.06309999999999999,0.0134,0.0021,OPPOSITION
82,INDERA MAHKOTA,PKR,0.4485,PAHANG,63721,622,77208,0.8334,0.6662,,,0.0027,0.0016,0.0004,0.0033,0.26890000000000003,0.056799999999999996,SEMI URBAN,NON-FELDA,0,0.2143,0.2611,0.19820000000000002,0.17809999999999998,0.10210000000000001,0.0352,0.009399999999999999,0.0017000000000000001,GOVERNMENT
83,KUANTAN,PKR,0.4457,PAHANG,51170,798,62696,0.8289,0.6639,,,0.0011,0.0009,0.0017000000000000001,0.0032,0.2958,0.0334,URBAN,NON-FELDA,0,0.1775,0.22190000000000001,0.196,0.1923,0.1336,0.0576,0.0171,0.0039000000000000003,GOVERNMENT
84,PAYA BESAR,BN,0.4316,PAHANG,44100,671,55135,0.812,0.8336,,,0.0006,0.0007000000000000001,0.013999999999999999,0.0032,0.1286,0.0194,RURAL,FELDA,14,0.19699999999999998,0.2583,0.19190000000000002,0.1765,0.1134,0.050499999999999996,0.0106,0.0019,OPPOSITION
85,PEKAN,BN,0.621,PAHANG,70614,1393,88899,0.81,0.8779,,,0.0023,0.0048,0.0786,0.008100000000000001,0.020099999999999996,0.008199999999999999,RURAL,FELDA,8,0.2243,0.30870000000000003,0.1827,0.1444,0.0934,0.0336,0.0106,0.0023,OPPOSITION
86,MARAN,BN,0.49090000000000006,PAHANG,32725,482,41036,0.8092,0.9016,,,0.0005,0.0005,0.0183,0.003,0.0616,0.014499999999999999,RURAL,FELDA,12,0.17079999999999998,0.2634,0.21559999999999999,0.1479,0.1036,0.07769999999999999,0.0182,0.0028000000000000004,OPPOSITION
87,KUALA KRAU,BN,0.4714,PAHANG,38311,613,47264,0.8234999999999999,0.8986,,,0.0004,0.0005,0.0478,0.0021,0.0277,0.0229,RURAL,FELDA,15,0.1875,0.2973,0.1912,0.12390000000000001,0.1315,0.055099999999999996,0.0116,0.0018,OPPOSITION
88,TEMERLOH,PKR,0.3931,PAHANG,61050,865,75081,0.8245999999999999,0.6647,,,0.0029,0.0060999999999999995,0.0125,0.0075,0.22519999999999998,0.08109999999999999,SEMI URBAN,FELDA,2,0.20329999999999998,0.2572,0.188,0.17309999999999998,0.11259999999999999,0.046900000000000004,0.0155,0.0034000000000000002,GOVERNMENT
89,BENTONG,PKR,0.4667,PAHANG,55106,783,67359,0.8297,0.465,,,0.0009,0.0017000000000000001,0.0208,0.0031,0.4169,0.0916,RURAL,FELDA,8,0.15789999999999998,0.2364,0.19469999999999998,0.187,0.1309,0.0689,0.0206,0.0034999999999999996,GOVERNMENT
90,BERA,BN,0.4389,PAHANG,47305,767,58711,0.8188,0.6189,,,0.002,0.0017000000000000001,0.045899999999999996,0.0028000000000000004,0.2917,0.0371,RURAL,FELDA,14,0.1912,0.2672,0.1907,0.1559,0.1216,0.0588,0.0126,0.0019,OPPOSITION
91,ROMPIN,BN,0.5354,PAHANG,49737,917,61918,0.8181,0.8771,,,0.0008,0.0006,0.08449999999999999,0.0034999999999999996,0.0231,0.0103,RURAL,FELDA,15,0.21,0.2975,0.16140000000000002,0.1586,0.1297,0.0341,0.0070999999999999995,0.0016,OPPOSITION
92,SABAK BERNAM,BN,0.3857,SELANGOR,33350,565,40863,0.83,0.8305,,,0.0005,0.0007000000000000001,0.0001,0.002,0.11689999999999999,0.0495,RURAL,NON-FELDA,0,0.1957,0.2539,0.1784,0.1689,0.1152,0.0623,0.0219,0.0037,OPPOSITION
93,SUNGAI BESAR,PKR,0.4211,SELANGOR,41206,564,48739,0.857,0.6870999999999999,,,0.0011,0.0005,0.0001,0.0033,0.2877,0.0202,RURAL,NON-FELDA,0,0.20829999999999999,0.2501,0.19579999999999997,0.16760000000000003,0.107,0.0524,0.0159,0.003,GOVERNMENT
94,HULU SELANGOR,PKR,0.47859999999999997,SELANGOR,85221,1310,100990,0.8568000000000001,0.6039,,,0.0017000000000000001,0.0016,0.016399999999999998,0.0062,0.20800000000000002,0.16219999999999998,RURAL,FELDA,4,0.19210000000000002,0.22699999999999998,0.2141,0.1941,0.1082,0.045899999999999996,0.0155,0.0031,GOVERNMENT
95,TANJONG KARANG,BN,0.43450000000000005,SELANGOR,40498,531,47198,0.8693000000000001,0.7467,,,0.0005,0.0003,,0.0034999999999999996,0.15960000000000002,0.0894,RURAL,NON-FELDA,0,0.1891,0.249,0.2053,0.17,0.1117,0.053399999999999996,0.0178,0.0036,OPPOSITION
96,KUALA SELANGOR,PKR,0.4997,SELANGOR,59721,996,69397,0.8748999999999999,0.6543000000000001,,,0.001,0.0008,0.0001,0.0037,0.1292,0.2109,RURAL,NON-FELDA,0,0.1962,0.2484,0.21170000000000003,0.17579999999999998,0.1057,0.045,0.0137,0.0036,GOVERNMENT
97,SELAYANG,PKR,0.6138,SELANGOR,98002,953,116176,0.8518000000000001,0.5179,,,0.0021,0.0018,0.0022,0.0116,0.2873,0.177,SEMI URBAN,NON-FELDA,0,0.20489999999999997,0.2328,0.21170000000000003,0.1925,0.1045,0.0398,0.0115,0.0022,GOVERNMENT
98,GOMBAK,PKR,0.631,SELANGOR,119042,933,141112,0.8502,0.758,,,0.0015,0.0014000000000000002,0.0039000000000000003,0.0208,0.1067,0.10769999999999999,SEMI URBAN,NON-FELDA,0,0.17350000000000002,0.248,0.2047,0.1891,0.1298,0.0433,0.009899999999999999,0.0017000000000000001,GOVERNMENT
99,AMPANG,PKR,0.7094,SELANGOR,76550,608,91737,0.8411,0.5478999999999999,,,0.002,0.0013,0.0001,0.015,0.34659999999999996,0.08710000000000001,URBAN,NON-FELDA,0,0.17629999999999998,0.2262,0.2069,0.1918,0.1308,0.0516,0.0144,0.0019,GOVERNMENT
100,PANDAN,PKR,0.7547,SELANGOR,85774,517,101319,0.8517,0.4558,,,0.0034000000000000002,0.0015,0.0001,0.0085,0.4595,0.0712,URBAN,NON-FELDA,0,0.17370000000000002,0.2412,0.222,0.20120000000000002,0.114,0.0377,0.009399999999999999,0.0008,GOVERNMENT
101,HULU LANGAT,PKR,0.5553,SELANGOR,88247,929,102363,0.8712000000000001,0.6498,,,0.0032,0.0027,0.0075,0.011899999999999999,0.2208,0.1042,SEMI URBAN,NON-FELDA,0,0.20370000000000002,0.2455,0.2102,0.1866,0.1033,0.0373,0.011699999999999999,0.0018,GOVERNMENT
102,BANGI,PKR,0.6559999999999999,SELANGOR,156327,1114,178790,0.8806,0.48479999999999995,,,0.0028000000000000004,0.0022,0.0001,0.009300000000000001,0.3895,0.1112,URBAN,NON-FELDA,0,0.2043,0.24530000000000002,0.215,0.1867,0.10400000000000001,0.0346,0.0091,0.0011,GOVERNMENT
103,PUCHONG,PKR,0.7239,SELANGOR,83478,667,96437,0.8725,0.3686,,,0.0032,0.0017000000000000001,0.0015,0.0049,0.5197999999999999,0.1003,URBAN,NON-FELDA,0,0.1589,0.23440000000000003,0.2483,0.1881,0.1125,0.0454,0.011200000000000002,0.0013,GOVERNMENT
104,SUBANG,PKR,0.8308,SELANGOR,125705,610,146422,0.8626999999999999,0.2662,,,0.0040999999999999995,0.0027,0.0001,0.0105,0.5649000000000001,0.1515,URBAN,NON-FELDA,0,0.16879999999999998,0.213,0.23170000000000002,0.217,0.1215,0.038,0.0088,0.0012,GOVERNMENT
105,PETALING JAYA,PKR,0.6851999999999999,SELANGOR,115279,968,140920,0.8249,0.4657,,,0.0031,0.0022,0.0001,0.0132,0.32030000000000003,0.1954,URBAN,NON-FELDA,0,0.12789999999999999,0.20440000000000003,0.21710000000000002,0.20149999999999998,0.1525,0.0681,0.022799999999999997,0.005699999999999999,GOVERNMENT
106,DAMANSARA,PKR,0.89,SELANGOR,136280,867,164322,0.8345999999999999,0.1967,,,0.0018,0.0012,0.0019,0.009899999999999999,0.6942,0.0942,URBAN,NON-FELDA,0,0.12890000000000001,0.19949999999999998,0.2182,0.1973,0.15439999999999998,0.0774,0.0209,0.0033,GOVERNMENT
107,SUNGAI BULOH,PKR,0.5597,SELANGOR,77951,686,90707,0.8669,0.6533,,,0.0046,0.004699999999999999,0.0004,0.013500000000000002,0.2164,0.1072,URBAN,NON-FELDA,0,0.2045,0.25,0.237,0.18030000000000002,0.0908,0.0291,0.006999999999999999,0.0014000000000000002,GOVERNMENT
108,SHAH ALAM,PKR,0.6,SELANGOR,93243,664,107316,0.8751000000000001,0.7526,,,0.003,0.0023,0.0007000000000000001,0.0053,0.10830000000000001,0.1278,URBAN,NON-FELDA,0,0.1877,0.2526,0.2144,0.18469999999999998,0.12050000000000001,0.0323,0.006500000000000001,0.0012,GOVERNMENT
109,KAPAR,PKR,0.4499,SELANGOR,106093,1497,124983,0.8608,0.7071999999999999,,,0.0025,0.0009,0.0002,0.0058,0.1478,0.1355,URBAN,NON-FELDA,0,0.209,0.25079999999999997,0.22030000000000002,0.1752,0.0987,0.0346,0.009399999999999999,0.002,GOVERNMENT
110,KLANG,PKR,0.7734000000000001,SELANGOR,127074,1204,149348,0.8589,0.2644,,,0.0037,0.0013,0.0005,0.0067,0.5526,0.1709,URBAN,NON-FELDA,0,0.1297,0.2152,0.2126,0.2032,0.15039999999999998,0.06480000000000001,0.019299999999999998,0.004699999999999999,GOVERNMENT
111,KOTA RAJA,PKR,0.7079000000000001,SELANGOR,128126,966,149021,0.8663,0.4315,,,0.0059,0.0015,0.0001,0.0076,0.2766,0.2768,URBAN,NON-FELDA,0,0.2109,0.2597,0.22870000000000001,0.1732,0.0915,0.028399999999999998,0.0064,0.0011,GOVERNMENT
112,KUALA LANGAT,PKR,0.49079999999999996,SELANGOR,88097,1131,102406,0.8713,0.5717,,,0.0018,0.0013,0.0172,0.005,0.2403,0.16260000000000002,SEMI URBAN,NON-FELDA,0,0.19879999999999998,0.26489999999999997,0.2046,0.1705,0.1012,0.0437,0.0137,0.0027,GOVERNMENT
113,SEPANG,PKR,0.5156000000000001,SELANGOR,90657,1083,104508,0.8778,0.6233,,,0.0031,0.0023,0.020499999999999997,0.0054,0.20329999999999998,0.1421,SEMI URBAN,NON-FELDA,0,0.1942,0.251,0.222,0.1765,0.0974,0.042,0.0143,0.0026,GOVERNMENT
114,KEPONG,PKR,0.9204000000000001,WILAYAH PERSEKUTUAN (KL),61404,323,72696,0.8491,0.0455,,,0.003,0.0005,,0.0032,0.8876000000000001,0.0603,URBAN,NON-FELDA,0,0.0898,0.1752,0.21969999999999998,0.2325,0.1728,0.08310000000000001,0.023700000000000002,0.0033,GOVERNMENT
115,BATU,BEBAS - KUNCI,0.607,WILAYAH PERSEKUTUAN (KL),62805,498,76328,0.8294,0.4252,,,0.0032,0.0044,0.0002,0.0096,0.38280000000000003,0.1746,RURAL,NON-FELDA,0,0.1484,0.2438,0.20129999999999998,0.1961,0.1353,0.0545,0.0168,0.0037,OPPOSITION
116,WANGSA MAJU,PKR,0.573,WILAYAH PERSEKUTUAN (KL),73608,525,88482,0.8378,0.5982,,,0.0045000000000000005,0.0059,0.0004,0.013600000000000001,0.2957,0.0818,URBAN,NON-FELDA,0,0.16670000000000001,0.2443,0.20309999999999997,0.19519999999999998,0.13019999999999998,0.0458,0.013000000000000001,0.0017000000000000001,GOVERNMENT
117,SEGAMBUT,PKR,0.8207,WILAYAH PERSEKUTUAN (KL),64727,289,77956,0.8340000000000001,0.2753,,,0.0014000000000000002,0.0012,0.0001,0.015,0.5893,0.1177,URBAN,NON-FELDA,0,0.1352,0.2104,0.1999,0.2014,0.1605,0.0665,0.0213,0.004699999999999999,GOVERNMENT
118,SETIAWANGSA,PKR,0.5665,WILAYAH PERSEKUTUAN (KL),60852,339,72136,0.8482999999999999,0.6109,,,0.0076,0.0108,0.0004,0.0077,0.2587,0.1038,URBAN,NON-FELDA,0,0.1782,0.2858,0.19390000000000002,0.1873,0.1067,0.035,0.011000000000000001,0.0021,GOVERNMENT
119,TITIWANGSA,PKR,0.4731,WILAYAH PERSEKUTUAN (KL),50386,323,61598,0.8231999999999999,0.7049,,,0.005,0.0037,0.0001,0.0191,0.17300000000000001,0.0942,URBAN,NON-FELDA,0,0.1333,0.2059,0.2082,0.2194,0.1487,0.058899999999999994,0.019799999999999998,0.005699999999999999,GOVERNMENT
120,BUKIT BINTANG,PKR,0.8493999999999999,WILAYAH PERSEKUTUAN (KL),52408,254,69526,0.7574,0.1253,,,0.0037,0.0028000000000000004,0.0002,0.0073,0.7512000000000001,0.10949999999999999,URBAN,NON-FELDA,0,0.0562,0.1298,0.1858,0.2426,0.22149999999999997,0.1082,0.04019999999999999,0.015600000000000001,GOVERNMENT
121,LEMBAH PANTAI,PKR,0.5024000000000001,WILAYAH PERSEKUTUAN (KL),66305,538,80346,0.8319,0.6212,,,0.0068000000000000005,0.0048,0.0002,0.0154,0.1891,0.1624,URBAN,NON-FELDA,0,0.1393,0.2384,0.20370000000000002,0.2059,0.13449999999999998,0.0575,0.0171,0.0034999999999999996,GOVERNMENT
122,SEPUTEH,PKR,0.8996999999999999,WILAYAH PERSEKUTUAN (KL),70129,294,86256,0.8164,0.0904,,,0.0023,0.0008,,0.0075,0.8203,0.0787,URBAN,NON-FELDA,0,0.10830000000000001,0.1875,0.2234,0.20170000000000002,0.1661,0.084,0.0245,0.0045000000000000005,GOVERNMENT
123,CHERAS,PKR,0.89,WILAYAH PERSEKUTUAN (KL),63677,275,78819,0.8114,0.0968,,,0.0022,0.0006,0.0001,0.0038,0.8293,0.0673,URBAN,NON-FELDA,0,0.0836,0.1668,0.2096,0.2275,0.1916,0.0863,0.028900000000000002,0.005699999999999999,GOVERNMENT
124,BANDAR TUN RAZAK,PKR,0.5858,WILAYAH PERSEKUTUAN (KL),70206,444,83650,0.8445999999999999,0.6108,,,0.0042,0.0053,0.0001,0.0058,0.29100000000000004,0.0827,URBAN,NON-FELDA,0,0.16399999999999998,0.25170000000000003,0.221,0.18719999999999998,0.1191,0.0449,0.010700000000000001,0.0014000000000000002,GOVERNMENT
125,PUTRAJAYA,BN,0.4947,WILAYAH PERSEKUTUAN (PUTRAJAYA),24558,146,27306,0.9047,0.9417,,,0.0085,0.0042,0.0004,0.004699999999999999,0.0089,0.0318,URBAN,NON-FELDA,0,0.2082,0.395,0.1769,0.1442,0.0688,0.0058,0.0011,0.0,OPPOSITION
126,JELEBU,BN,0.4893,NEGERI SEMBILAN,38957,586,48522,0.8149,0.6501,,,0.0025,0.0015,0.0458,0.0019,0.2413,0.056900000000000006,RURAL,FELDA,13,0.1643,0.2556,0.1772,0.16190000000000002,0.1525,0.0652,0.019799999999999998,0.0034999999999999996,OPPOSITION
127,JEMPOL,BN,0.4683,NEGERI SEMBILAN,57274,1025,72122,0.8083,0.6335000000000001,,,0.0006,0.0005,0.0077,0.0021,0.2324,0.1231,RURAL,FELDA,26,0.1815,0.2681,0.14980000000000002,0.1791,0.1568,0.051100000000000007,0.0113,0.0022,OPPOSITION
128,SEREMBAN,PKR,0.6045,NEGERI SEMBILAN,91818,1052,110168,0.843,0.4839,,,0.0019,0.0013,0.006999999999999999,0.0058,0.3675,0.1325,URBAN,NON-FELDA,0,0.15789999999999998,0.226,0.1984,0.19329999999999997,0.1364,0.0617,0.0215,0.0048,GOVERNMENT
129,KUALA PILAH,PKR,0.4485,NEGERI SEMBILAN,40237,769,49801,0.8234,0.7701,,,0.0007000000000000001,0.001,0.0189,0.0023,0.15839999999999999,0.048600000000000004,SEMI URBAN,FELDA,1,0.1472,0.2139,0.1855,0.1918,0.1413,0.07490000000000001,0.0392,0.0063,GOVERNMENT
130,RASAH,PKR,0.7245,NEGERI SEMBILAN,85307,303,102838,0.8325,0.2965,,,0.0018,0.0021,0.0040999999999999995,0.008,0.4779,0.2095,URBAN,NON-FELDA,0,0.1547,0.22469999999999998,0.2075,0.19149999999999998,0.1346,0.0611,0.0213,0.0045000000000000005,GOVERNMENT
131,REMBAU,BN,0.48869999999999997,NEGERI SEMBILAN,73856,1053,88365,0.8477,0.7332,,,0.0012,0.0013,0.0039000000000000003,0.0034000000000000002,0.10310000000000001,0.154,SEMI URBAN,NON-FELDA,0,0.1875,0.23129999999999998,0.1985,0.1918,0.1201,0.047599999999999996,0.0194,0.0038,OPPOSITION
132,PORT DICKSON,PKR,0.5906,NEGERI SEMBILAN,61334,948,75212,0.8281000000000001,0.42719999999999997,,,0.0063,0.009300000000000001,0.0019,0.0046,0.3311,0.21969999999999998,SEMI URBAN,NON-FELDA,0,0.16399999999999998,0.2437,0.2069,0.1827,0.1244,0.056600000000000004,0.0179,0.004,GOVERNMENT
133,TAMPIN,PKR,0.4629,NEGERI SEMBILAN,48466,850,60765,0.8116,0.6283,,,0.0038,0.009899999999999999,0.0014000000000000002,0.0029,0.23550000000000001,0.1182,RURAL,FELDA,9,0.1703,0.2796,0.1759,0.16510000000000002,0.12869999999999998,0.0596,0.0182,0.0026,GOVERNMENT
134,MASJID TANAH,BN,0.541,MELAKA,42325,636,51441,0.8351999999999999,0.8317,,,0.0009,0.0012,0.0037,0.0058,0.11960000000000001,0.0371,RURAL,NON-FELDA,0,0.1924,0.22920000000000001,0.18710000000000002,0.1787,0.1211,0.0644,0.023799999999999998,0.0033,OPPOSITION
135,ALOR GAJAH,PKR,0.5073,MELAKA,57815,1007,70364,0.836,0.6084,,,0.001,0.0008,0.006,0.0022,0.2529,0.12869999999999998,RURAL,FELDA,4,0.18,0.2284,0.1925,0.1791,0.12710000000000002,0.0645,0.0242,0.0040999999999999995,GOVERNMENT
136,TANGGA BATU,PKR,0.4689,MELAKA,69142,1145,83213,0.8447,0.7098,,,0.0103,0.016399999999999998,0.0008,0.006500000000000001,0.2208,0.0353,SEMI URBAN,NON-FELDA,0,0.2273,0.2786,0.1931,0.1481,0.0944,0.0436,0.013000000000000001,0.0019,GOVERNMENT
137,HANG TUAH JAYA,PKR,0.5101,MELAKA,76583,909,89364,0.8672,0.6239,,,0.0017000000000000001,0.0013,,0.0052,0.3111,0.056799999999999996,URBAN,NON-FELDA,0,0.2046,0.24359999999999998,0.1869,0.1757,0.1183,0.0541,0.0146,0.0022,GOVERNMENT
138,KOTA MELAKA,PKR,0.7268000000000001,MELAKA,105276,1432,126848,0.8412000000000001,0.3741,,,0.0011,0.001,0.0001,0.0125,0.5710999999999999,0.0401,URBAN,NON-FELDA,0,0.15789999999999998,0.2121,0.19140000000000001,0.1906,0.1448,0.07400000000000001,0.0239,0.0052,GOVERNMENT
139,JASIN,BN,0.43,MELAKA,61761,912,73432,0.8534999999999999,0.735,,,0.0006,0.0007000000000000001,0.0012,0.0029,0.1617,0.0977,RURAL,FELDA,1,0.2016,0.22719999999999999,0.19760000000000003,0.17670000000000002,0.114,0.0574,0.0219,0.0036,OPPOSITION
140,SEGAMAT,PKR,0.5309,JOHOR,45320,726,55350,0.8319,0.4619,,,0.003,0.0032,0.001,0.0023,0.4277,0.1009,RURAL,FELDA,3,0.1734,0.2118,0.17670000000000002,0.1997,0.14550000000000002,0.0635,0.0246,0.0048,GOVERNMENT
141,SEKIJANG,PKR,0.5169,JOHOR,37837,558,45596,0.8421,0.5924,,,0.0003,0.0005,0.0018,0.0034999999999999996,0.3615,0.04,RURAL,FELDA,5,0.1705,0.2481,0.1902,0.17010000000000003,0.1406,0.0602,0.0181,0.0022,GOVERNMENT
142,LABIS,PKR,0.5217,JOHOR,32030,485,40356,0.8057,0.37979999999999997,,,0.0007000000000000001,0.0005,0.0204,0.0024,0.44939999999999997,0.14679999999999999,RURAL,FELDA,4,0.1564,0.2148,0.1975,0.1883,0.1399,0.0729,0.025,0.0052,GOVERNMENT
143,PAGOH,PKR,0.5521,JOHOR,42672,693,51512,0.8418000000000001,0.6596,,,0.0004,0.0004,0.0034000000000000002,0.0015,0.29760000000000003,0.037200000000000004,RURAL,FELDA,4,0.1636,0.2278,0.18989999999999999,0.1909,0.12689999999999999,0.0647,0.0317,0.0046,GOVERNMENT
144,LEDANG,PKR,0.5306000000000001,JOHOR,65414,1048,77474,0.8579000000000001,0.5576,,,0.0006,0.0004,0.0036,0.0019,0.39030000000000004,0.045700000000000005,RURAL,FELDA,1,0.17809999999999998,0.2193,0.1972,0.1827,0.1251,0.0672,0.026000000000000002,0.0045000000000000005,GOVERNMENT
145,BAKRI,PKR,0.6265,JOHOR,61800,631,73883,0.845,0.44229999999999997,,,0.0008,0.0007000000000000001,,0.0032,0.5314,0.0215,SEMI URBAN,NON-FELDA,0,0.1566,0.22039999999999998,0.198,0.1909,0.13419999999999999,0.0696,0.025699999999999997,0.0046,GOVERNMENT
146,MUAR,PKR,0.5309,JOHOR,42083,636,50843,0.8402,0.6672,,,0.0008,0.0007000000000000001,0.0001,0.0032,0.3147,0.013300000000000001,SEMI URBAN,NON-FELDA,0,0.1751,0.23010000000000003,0.1868,0.1775,0.126,0.0673,0.0311,0.0062,GOVERNMENT
147,PARIT SULONG,BN,0.4919,JOHOR,49769,832,59609,0.8489,0.7851,,,0.0003,0.0005,0.0003,0.0023,0.2066,0.0048,RURAL,NON-FELDA,0,0.14980000000000002,0.20679999999999998,0.2014,0.2,0.1352,0.0716,0.0298,0.0055000000000000005,OPPOSITION
148,AYER HITAM,BN,0.43979999999999997,JOHOR,38824,556,46157,0.8532,0.5768,,,0.0002,0.0004,,0.0026,0.3797,0.0401,RURAL,NON-FELDA,0,0.1748,0.2303,0.2061,0.1826,0.1192,0.061399999999999996,0.0218,0.0038,OPPOSITION
149,SRI GADING,PKR,0.4858,JOHOR,44282,635,52119,0.8618000000000001,0.65,,,0.0007000000000000001,0.0004,0.0001,0.0026,0.3317,0.0146,RURAL,NON-FELDA,0,0.18350000000000002,0.2249,0.2096,0.1898,0.1116,0.0555,0.0216,0.0034000000000000002,GOVERNMENT
150,BATU PAHAT,PKR,0.5592,JOHOR,82137,1097,98543,0.8445999999999999,0.5464,,,0.0007000000000000001,0.0006,0.001,0.0034999999999999996,0.4349,0.0129,SEMI URBAN,NON-FELDA,0,0.17739999999999997,0.22719999999999999,0.1893,0.1807,0.1275,0.06849999999999999,0.024700000000000003,0.004699999999999999,GOVERNMENT
151,SIMPANG RENGGAM,PKR,0.5069,JOHOR,35822,779,43998,0.8319,0.5961,,,0.0012,0.001,0.0002,0.0051,0.308,0.08839999999999999,RURAL,FELDA,3,0.1753,0.2262,0.1999,0.18780000000000002,0.1202,0.06509999999999999,0.021,0.0046,GOVERNMENT
152,KLUANG,PKR,0.5920000000000001,JOHOR,80531,921,96915,0.8404,0.4163,,,0.003,0.0069,0.0004,0.004699999999999999,0.47490000000000004,0.09380000000000001,SEMI URBAN,NON-FELDA,0,0.1787,0.23850000000000002,0.18960000000000002,0.17859999999999998,0.1321,0.0608,0.0182,0.0036,GOVERNMENT
153,SEMBRONG,BN,0.5924,JOHOR,36044,598,44137,0.8301999999999999,0.6043999999999999,,,0.0004,0.0004,0.0131,0.0034999999999999996,0.2915,0.0866,RURAL,FELDA,5,0.17300000000000001,0.26649999999999996,0.17059999999999997,0.17600000000000002,0.1411,0.0538,0.0159,0.0032,OPPOSITION
154,MERSING,BN,0.53,JOHOR,37368,796,48176,0.7922,0.8145,,,0.0044,0.006,0.0169,0.0029,0.1429,0.0126,RURAL,FELDA,12,0.18230000000000002,0.2813,0.1572,0.1721,0.1407,0.0484,0.013999999999999999,0.004,OPPOSITION
155,TENGGARA,BN,0.5439,JOHOR,37034,664,44749,0.8423999999999999,0.7468,,,0.004,0.0113,0.005600000000000001,0.0052,0.1613,0.0658,RURAL,FELDA,7,0.1841,0.2639,0.2157,0.16260000000000002,0.1082,0.0493,0.014199999999999999,0.0021,OPPOSITION
156,KOTA TINGGI,BN,0.6914,JOHOR,38193,802,46677,0.8354,0.8835999999999999,,,0.0006,0.0009,0.0007000000000000001,0.0029,0.09269999999999999,0.018500000000000003,RURAL,FELDA,9,0.1625,0.2778,0.18719999999999998,0.1492,0.1478,0.060599999999999994,0.0121,0.0029,OPPOSITION
157,PENGERANG,BN,0.6770999999999999,JOHOR,32241,557,40479,0.8101999999999999,0.8961,,,0.0017000000000000001,0.0018,0.0021,0.0018,0.08869999999999999,0.0077,RURAL,FELDA,12,0.1387,0.2876,0.2143,0.1197,0.15259999999999999,0.0728,0.011000000000000001,0.0034000000000000002,OPPOSITION
158,TEBRAU,PKR,0.6209,JOHOR,103943,274,123033,0.8471,0.4719,,,0.0027,0.0067,0.0008,0.0088,0.3936,0.11539999999999999,SEMI URBAN,FELDA,2,0.1985,0.24109999999999998,0.2563,0.1794,0.08449999999999999,0.029500000000000002,0.0087,0.002,GOVERNMENT
159,PASIR GUDANG,PKR,0.5868,JOHOR,105009,1342,124172,0.8565,0.4889,,,0.0134,0.0141,0.0008,0.008100000000000001,0.3703,0.1045,SEMI URBAN,NON-FELDA,0,0.1863,0.2375,0.244,0.2007,0.09630000000000001,0.0275,0.0067,0.0008,GOVERNMENT
160,JOHOR BAHRU,PKR,0.6231,JOHOR,80322,1056,101409,0.8025,0.5264,,,0.0018,0.0024,0.0002,0.0068000000000000005,0.41090000000000004,0.051500000000000004,URBAN,NON-FELDA,0,0.115,0.1973,0.196,0.21050000000000002,0.17170000000000002,0.0788,0.024700000000000003,0.006,GOVERNMENT
161,PULAI,PKR,0.6381,JOHOR,86893,966,106268,0.8268000000000001,0.49060000000000004,,,0.003,0.0036,0.0017000000000000001,0.0064,0.392,0.10279999999999999,URBAN,NON-FELDA,0,0.1549,0.23199999999999998,0.2297,0.1882,0.12369999999999999,0.051699999999999996,0.0148,0.005,GOVERNMENT
162,ISKANDAR PUTERI,PKR,0.6923999999999999,JOHOR,116588,1987,138299,0.8573999999999999,0.3665,,,0.002,0.0032,0.0022,0.0036,0.4979,0.1246,SEMI URBAN,NON-FELDA,0,0.1802,0.235,0.2309,0.19920000000000002,0.10779999999999999,0.0361,0.009000000000000001,0.0016,GOVERNMENT
163,KULAI,PKR,0.6542,JOHOR,84543,976,99147,0.8625,0.3496,,,0.0021,0.0018,0.0001,0.0034999999999999996,0.5404,0.1024,SEMI URBAN,FELDA,5,0.16219999999999998,0.22030000000000002,0.23629999999999998,0.1885,0.1176,0.0553,0.0166,0.0032,GOVERNMENT
164,PONTIAN,BN,0.4621,JOHOR,45726,738,55570,0.8361,0.6823999999999999,,,0.0005,0.0006,0.0007000000000000001,0.0046,0.301,0.0103,RURAL,NON-FELDA,0,0.1552,0.2257,0.1991,0.18,0.1317,0.075,0.0278,0.0054,OPPOSITION
165,TANJUNG PIAI,PKR,0.4729,JOHOR,44948,841,53528,0.8554,0.568,,,0.0008,0.0008,0.0001,0.0038,0.4164,0.0101,RURAL,NON-FELDA,0,0.166,0.2216,0.207,0.18289999999999998,0.1243,0.0684,0.0248,0.0051,GOVERNMENT
166,LABUAN,BN,0.47590000000000005,WILAYAH PERSEKUTUAN (LABUAN),21358,302,28356,0.7639,0.4207,,,0.3116,0.017,0.0001,0.030299999999999997,0.20670000000000002,0.013600000000000001,SEMI URBAN,NON-FELDA,0,0.1753,0.2623,0.1843,0.1968,0.1199,0.0424,0.0131,0.0060999999999999995,OPPOSITION
167,KUDAT,BN,0.499,SABAH,37079,955,52251,0.7279000000000001,,0.5687,0.33590000000000003,,,,0.0042,0.09119999999999999,,RURAL,NON-FELDA,0,0.17739999999999997,0.2596,0.204,0.1518,0.10279999999999999,0.054000000000000006,0.0298,0.020499999999999997,OPPOSITION
168,KOTA MARUDU,BN,0.38439999999999996,SABAH,33906,1179,47007,0.7464,,0.285,0.6889,,,,0.0039000000000000003,0.0222,,RURAL,NON-FELDA,0,0.1629,0.2812,0.20129999999999998,0.1591,0.0992,0.0538,0.0262,0.0161,OPPOSITION
169,KOTA BELUD,WARISAN,0.5082,SABAH,46098,1173,57919,0.8162,,0.6028,0.38020000000000004,,,,0.0029,0.014199999999999999,,RURAL,NON-FELDA,0,0.1834,0.2643,0.2036,0.1722,0.09210000000000002,0.049100000000000005,0.023799999999999998,0.0115,GOVERNMENT
170,TUARAN,BN,0.5154,SABAH,43643,958,54400,0.8199,,0.4758,0.4653,,,,0.005600000000000001,0.0533,,RURAL,NON-FELDA,0,0.158,0.2541,0.22039999999999998,0.1868,0.09949999999999999,0.0472,0.0225,0.0116,OPPOSITION
171,SEPANGGAR,WARISAN,0.5947,SABAH,47785,913,62415,0.7802,,0.5525,0.2463,,,,0.011399999999999999,0.1898,,RURAL,NON-FELDA,0,0.19269999999999998,0.2963,0.1989,0.1751,0.0862,0.0311,0.0121,0.0076,GOVERNMENT
172,KOTA KINABALU,DAP,0.7476,SABAH,42310,563,56220,0.7626000000000001,,0.2235,0.1382,,,,0.0131,0.6252,,URBAN,NON-FELDA,0,0.1182,0.19079999999999997,0.20010000000000003,0.2119,0.1727,0.0716,0.023399999999999997,0.0113,GOVERNMENT
173,PUTATAN,PKR,0.4581,SABAH,30790,826,41312,0.7653,,0.6923999999999999,0.1435,,,,0.009899999999999999,0.1543,,SEMI URBAN,NON-FELDA,0,0.1747,0.26039999999999996,0.20149999999999998,0.1807,0.1166,0.0414,0.0149,0.0098,GOVERNMENT
174,PENAMPANG,WARISAN,0.7532,SABAH,43108,417,53131,0.8192,,0.13949999999999999,0.5179,,,,0.0171,0.3256,,SEMI URBAN,NON-FELDA,0,0.1559,0.2724,0.2238,0.17800000000000002,0.10800000000000001,0.040999999999999995,0.0146,0.0062,GOVERNMENT
175,PAPAR,WARISAN,0.4854,SABAH,35836,543,43586,0.8345999999999999,,0.6670999999999999,0.2531,,,,0.0052,0.0746,,RURAL,NON-FELDA,0,0.1693,0.2553,0.22260000000000002,0.18489999999999998,0.10550000000000001,0.042300000000000004,0.0138,0.0064,GOVERNMENT
176,KIMANIS,BN,0.4771,SABAH,25028,385,29618,0.858,,0.6654000000000001,0.2993,,,,0.0034000000000000002,0.0319,,RURAL,NON-FELDA,0,0.16390000000000002,0.2579,0.2254,0.18309999999999998,0.09849999999999999,0.0437,0.0165,0.0111,OPPOSITION
177,BEAUFORT,BN,0.4172,SABAH,27212,799,33342,0.8401000000000001,,0.6598,0.2611,,,,0.0045000000000000005,0.0746,,RURAL,NON-FELDA,0,0.1469,0.23579999999999998,0.22899999999999998,0.2064,0.11,0.049800000000000004,0.0159,0.0060999999999999995,OPPOSITION
178,SIPITANG,BN,0.486,SABAH,24771,596,31882,0.7957,,0.7626999999999999,0.1948,,,,0.0052,0.0374,,RURAL,NON-FELDA,0,0.1709,0.2536,0.215,0.1917,0.0998,0.044000000000000004,0.0172,0.0078000000000000005,OPPOSITION
179,RANAU,PKR,0.4517,SABAH,32942,769,43706,0.7713,,0.4003,0.5722,,,,0.0105,0.0171,,RURAL,NON-FELDA,0,0.1778,0.28350000000000003,0.20149999999999998,0.17079999999999998,0.0872,0.0462,0.0216,0.011399999999999999,GOVERNMENT
180,KENINGAU,SOLIDARITI,0.3309,SABAH,40149,522,51177,0.7947,,0.2803,0.6211,,,,0.012,0.0867,,RURAL,NON-FELDA,0,0.1794,0.25989999999999996,0.2186,0.1888,0.0915,0.036699999999999997,0.0168,0.0083,OPPOSITION
181,TENOM,DAP,0.511,SABAH,22238,661,29182,0.7847,,0.2801,0.6131,,,,0.0051,0.1017,,RURAL,NON-FELDA,0,0.17670000000000002,0.2626,0.2073,0.18489999999999998,0.0866,0.0447,0.0233,0.0138,GOVERNMENT
182,PENSIANGAN,BN,0.48350000000000004,SABAH,24368,528,31377,0.7934,,0.2427,0.7393000000000001,,,,0.005,0.013000000000000001,,RURAL,NON-FELDA,0,0.19260000000000002,0.2724,0.2022,0.16690000000000002,0.07339999999999999,0.04190000000000001,0.0317,0.018799999999999997,OPPOSITION
183,BELURAN,BN,0.6284000000000001,SABAH,20698,832,28509,0.7552,,0.5405,0.4426,,,,0.0085,0.0084,,RURAL,NON-FELDA,0,0.1957,0.26289999999999997,0.2126,0.1656,0.08560000000000001,0.0489,0.02,0.0087,OPPOSITION
184,LIBARAN,BN,0.4925,SABAH,36143,948,47914,0.7741,,0.7676999999999999,0.061500000000000006,,,,0.0062,0.16469999999999999,,RURAL,NON-FELDA,0,0.22030000000000002,0.2724,0.201,0.1551,0.0943,0.036699999999999997,0.0134,0.0067,OPPOSITION
185,BATU SAPI,WARISAN,0.5578,SABAH,23261,655,32574,0.7342,,0.6506000000000001,0.0409,,,,0.008199999999999999,0.3003,,RURAL,NON-FELDA,0,0.19079999999999997,0.2505,0.1913,0.1699,0.1137,0.0475,0.0219,0.0144,GOVERNMENT
186,SANDAKAN,DAP,0.6797,SABAH,28090,502,39777,0.7188,,0.439,0.0571,,,,0.0109,0.4929,,SEMI URBAN,NON-FELDA,0,0.1585,0.2205,0.1945,0.1905,0.1393,0.0579,0.0254,0.0134,GOVERNMENT
187,KINABATANGAN,BN,0.6722,SABAH,21518,661,28730,0.772,,0.7248,0.2647,,,,0.0049,0.005600000000000001,,RURAL,NON-FELDA,0,0.19329999999999997,0.26539999999999997,0.2065,0.16949999999999998,0.0895,0.044199999999999996,0.0195,0.012199999999999999,OPPOSITION
188,LAHAD DATU,WARISAN,0.5426,SABAH,43040,1079,60942,0.7240000000000001,,0.7986,0.0898,,,,0.008100000000000001,0.1035,,RURAL,FELDA,4,0.20550000000000002,0.27449999999999997,0.19649999999999998,0.17300000000000001,0.0953,0.0326,0.013999999999999999,0.0087,GOVERNMENT
189,SEMPORNA,WARISAN,0.802,SABAH,33426,982,48248,0.7131000000000001,,0.9643,0.0168,,,,0.0032,0.0158,,RURAL,NON-FELDA,0,0.20329999999999998,0.25980000000000003,0.21710000000000002,0.1598,0.08289999999999999,0.041100000000000005,0.020499999999999997,0.0154,GOVERNMENT
190,TAWAU,PKR,0.5005,SABAH,42753,981,59919,0.7299,,0.6071,0.049100000000000005,,,,0.008199999999999999,0.3356,,SEMI URBAN,NON-FELDA,0,0.1607,0.2373,0.20550000000000002,0.1938,0.1258,0.0501,0.0174,0.009399999999999999,GOVERNMENT
191,KALABAKAN,WARISAN,0.5009,SABAH,36909,840,52199,0.7232,,0.8440000000000001,0.061799999999999994,,,,0.0088,0.08539999999999999,,RURAL,FELDA,3,0.20879999999999999,0.29510000000000003,0.185,0.16510000000000002,0.0928,0.0348,0.011399999999999999,0.006999999999999999,GOVERNMENT
192,MAS GADING,DAP,0.5671,SARAWAK,22518,236,29617,0.7683,0.05,,,,0.76,,0.01,0.18,,RURAL,NON-FELDA,0,0.1148,0.1966,0.23129999999999998,0.226,0.1363,0.0672,0.0232,0.0045000000000000005,GOVERNMENT
193,SANTUBONG,BN,0.7928000000000001,SARAWAK,33273,440,45628,0.7389,0.8,,,,0.12,,,0.08,,RURAL,NON-FELDA,0,0.156,0.2351,0.2278,0.1902,0.114,0.0582,0.015,0.0037,OPPOSITION
194,PETRA JAYA,BN,0.6591,SARAWAK,42945,354,57925,0.7475,0.73,,,,0.12,,0.02,0.13,,RURAL,NON-FELDA,0,0.12789999999999999,0.2334,0.2296,0.2036,0.1242,0.059500000000000004,0.0174,0.0043,OPPOSITION
195,BANDAR KUCHING,DAP,0.7943000000000001,SARAWAK,61123,241,81856,0.7497,0.04,,,,0.06,,0.01,0.89,,URBAN,NON-FELDA,0,0.061799999999999994,0.1506,0.2009,0.2373,0.2079,0.0983,0.0344,0.0088,GOVERNMENT
196,STAMPIN,DAP,0.637,SARAWAK,51899,408,66240,0.7897,0.16,,,,0.18,,0.02,0.64,,URBAN,NON-FELDA,0,0.1334,0.2575,0.23370000000000002,0.1751,0.1255,0.055999999999999994,0.015700000000000002,0.0032,GOVERNMENT
197,KOTA SAMARAHAN,BN,0.6990000000000001,SARAWAK,35867,431,46300,0.784,0.62,,,,0.26,,0.01,0.11,,RURAL,NON-FELDA,0,0.16449999999999998,0.2736,0.2223,0.16390000000000002,0.1024,0.0557,0.014499999999999999,0.0031,OPPOSITION
198,PUNCAK BORNEO,PKR,0.5465,SARAWAK,34520,514,46180,0.7585999999999999,0.05,,,,0.68,,0.01,0.26,,RURAL,NON-FELDA,0,0.1016,0.2,0.2278,0.2286,0.1487,0.0645,0.023700000000000002,0.0051,GOVERNMENT
199,SERIAN,BN,0.6399,SARAWAK,27419,385,37629,0.7389,0.08,,,,0.81,,0.01,0.1,,RURAL,NON-FELDA,0,0.08869999999999999,0.1815,0.23440000000000003,0.2415,0.1491,0.0741,0.024900000000000002,0.0058,OPPOSITION
200,BATANG SADONG,BN,0.8325,SARAWAK,17066,220,23213,0.7447,0.7,,,,0.24,,0.01,0.05,,RURAL,NON-FELDA,0,0.1376,0.21230000000000002,0.2145,0.2036,0.1358,0.0696,0.020499999999999997,0.0060999999999999995,OPPOSITION
201,BATANG LUPAR,BN,0.7049,SARAWAK,20151,403,29811,0.6895,0.67,,,,0.3,,,0.03,,RURAL,NON-FELDA,0,0.1461,0.20829999999999999,0.22089999999999999,0.2036,0.1288,0.06570000000000001,0.0197,0.0068000000000000005,OPPOSITION
202,SRI AMAN,BN,0.6148,SARAWAK,23000,295,33016,0.7056,0.1,,,,0.73,,,0.17,,SEMI URBAN,NON-FELDA,0,0.1131,0.185,0.2132,0.21850000000000003,0.1533,0.08259999999999999,0.0276,0.0067,OPPOSITION
203,LUBOK ANTU,BEBAS - KUNCI,0.40090000000000003,SARAWAK,14551,199,20801,0.7091,0.02,,,,0.9,,,0.08,,RURAL,NON-FELDA,0,0.10439999999999999,0.18739999999999998,0.2325,0.21350000000000002,0.142,0.0802,0.0298,0.0101,OPPOSITION
204,BETONG,BN,0.6041,SARAWAK,20720,283,29145,0.7206,0.38,,,,0.55,,,0.07,,RURAL,NON-FELDA,0,0.1408,0.21100000000000002,0.2113,0.20120000000000002,0.1399,0.0665,0.0246,0.004699999999999999,OPPOSITION
205,SARATOK,PKR,0.5218,SARAWAK,22707,257,30517,0.7525,0.36,,,,0.57,,0.01,0.06,,RURAL,NON-FELDA,0,0.132,0.2025,0.2175,0.2167,0.1435,0.060599999999999994,0.0222,0.005,GOVERNMENT
206,TANJONG MANIS,BN,0.8069,SARAWAK,14130,214,21899,0.655,0.26,,,,0.69,,0.01,0.04,,RURAL,NON-FELDA,0,0.13419999999999999,0.22149999999999997,0.23550000000000001,0.2024,0.1257,0.056299999999999996,0.0182,0.0062,OPPOSITION
207,IGAN,BN,0.8376,SARAWAK,12581,317,19592,0.6583,0.07,,,,0.89,,,0.04,,RURAL,NON-FELDA,0,0.14679999999999999,0.22469999999999998,0.2181,0.2053,0.12210000000000001,0.059699999999999996,0.0197,0.0038,OPPOSITION
208,SARIKEI,DAP,0.5357,SARAWAK,30476,340,39561,0.7789,0.05,,,,0.32,,,0.63,,SEMI URBAN,NON-FELDA,0,0.1368,0.2155,0.21280000000000002,0.1953,0.1417,0.0659,0.0246,0.0074,GOVERNMENT
209,JULAU,BEBAS - KERUSI,0.5528,SARAWAK,18279,241,25380,0.7297,0.01,,,,0.94,,,0.05,,RURAL,NON-FELDA,0,0.1474,0.1971,0.24420000000000003,0.19829999999999998,0.1151,0.063,0.025,0.0098,OPPOSITION
210,KANOWIT,BN,0.6457999999999999,SARAWAK,14792,295,21022,0.7177,0.02,,,,0.86,,,0.12,,RURAL,NON-FELDA,0,0.115,0.19510000000000002,0.2194,0.21309999999999998,0.1387,0.0774,0.029300000000000003,0.012,OPPOSITION
211,LANANG,DAP,0.6516,SARAWAK,45892,365,61973,0.7464,0.03,,,,0.27,,0.01,0.69,,RURAL,NON-FELDA,0,0.1376,0.2112,0.22,0.19210000000000002,0.14529999999999998,0.06509999999999999,0.0212,0.0075,GOVERNMENT
212,SIBU,DAP,0.5958,SARAWAK,56753,515,74149,0.7723,0.11,,,,0.25,,0.01,0.63,,SEMI URBAN,NON-FELDA,0,0.1583,0.2357,0.21789999999999998,0.18710000000000002,0.12179999999999999,0.0547,0.0184,0.0062,GOVERNMENT
213,MUKAH,BN,0.669,SARAWAK,20706,379,30608,0.6889,0.03,,,,0.87,,0.01,0.09,,RURAL,NON-FELDA,0,0.1318,0.21109999999999998,0.223,0.2014,0.14,0.0667,0.0219,0.004,OPPOSITION
214,SELANGAU,PKR,0.5111,SARAWAK,21970,334,30026,0.7428,0.01,,,,0.95,,0.01,0.03,,RURAL,NON-FELDA,0,0.1336,0.2161,0.2468,0.18719999999999998,0.11689999999999999,0.0646,0.0241,0.010700000000000001,GOVERNMENT
215,KAPIT,BN,0.7890999999999999,SARAWAK,18125,278,30658,0.6003000000000001,0.03,,,,0.87,,,0.1,,RURAL,NON-FELDA,0,0.14400000000000002,0.2139,0.22510000000000002,0.19260000000000002,0.1164,0.07139999999999999,0.0262,0.0105,OPPOSITION
216,HULU RAJANG,BN,0.682,SARAWAK,17353,306,27520,0.6417,0.01,,,,0.97,,,0.02,,RURAL,NON-FELDA,0,0.1401,0.21359999999999998,0.2278,0.1943,0.1059,0.0717,0.030600000000000002,0.016,OPPOSITION
217,BINTULU,BN,0.5705,SARAWAK,47458,523,65049,0.7376,0.11,,,,0.6,,,0.29,,SEMI URBAN,NON-FELDA,0,0.1348,0.21170000000000003,0.24420000000000003,0.2207,0.1201,0.0483,0.0144,0.0059,OPPOSITION
218,SIBUTI,BN,0.546,SARAWAK,22369,284,31868,0.7108,0.24,,,,0.54,,,0.22,,RURAL,NON-FELDA,0,0.125,0.22920000000000001,0.21760000000000002,0.2041,0.1462,0.0558,0.0173,0.004699999999999999,OPPOSITION
219,MIRI,PKR,0.6182,SARAWAK,57815,513,80386,0.7256,0.15,,,,0.28,,0.02,0.55,,SEMI URBAN,NON-FELDA,0,0.1104,0.215,0.22870000000000001,0.2133,0.1537,0.0556,0.018000000000000002,0.0054,GOVERNMENT
220,BARAM,BN,0.5445,SARAWAK,22352,399,35685,0.6376,0.05,,,,0.87,,,0.08,,RURAL,NON-FELDA,0,0.0919,0.1779,0.22510000000000002,0.2191,0.1442,0.0771,0.04190000000000001,0.0227,OPPOSITION
221,LIMBANG,BN,0.7206999999999999,SARAWAK,17468,201,26409,0.6690999999999999,0.28,,,,0.46,,0.08,0.18,,RURAL,NON-FELDA,0,0.1246,0.2224,0.2195,0.214,0.1377,0.0559,0.0191,0.0068000000000000005,OPPOSITION
222,LAWAS,BN,0.7044,SARAWAK,14250,157,21297,0.6765000000000001,0.4,,,,0.48,,0.03,0.09,,RURAL,NON-FELDA,0,0.1458,0.2214,0.2245,0.2007,0.1283,0.050300000000000004,0.0212,0.0078000000000000005,OPPOSITION
